restaurant,top_rated_dishes
submerge-sandwich-los-angeles, [Pickles | Lemon Herb Chicken Sandwich | BTLA Sandwich | Ratatouille | Potato Salad | Tuna Sandwich | Adult Grilled Cheese Sandwich | Veggie Muffaletta | Cheese Steak | Coconut Water]
reggies-deli-and-cafe-los-angeles, [BLT Sandwich | Latte | Potato Salad | Cobb Salad | Italian Panini | Chinese Chicken Wrap | Chinese Chicken Salad | Hot Pastrami Sandwich | Cucumber Salad | Lentil Soup]
crepes-sans-frontieres-los-angeles, [La Scandinave | La Larzac | La Colombienne | La Parisienne | La Complete | La Bretonne | La Bresse | La Californienne]
tbla-catering-and-cafe-los-angeles, [Mango Lemonade | Sweet Potato Fries | Onion Rings | Mac N Cheese | Banh Mi Wrap | Chicken Pesto Panini | BBQ Pulled Pork Sandwich | Pesto Chicken Pasta | Rajun Cajun Wrap | The Burger]
crepe-x-press-cafe-los-angeles-2, [30 Crepe Xpress | Cappuccino | Water | French Onion Soup | Espresso | 8 Voila Crepe | 10 Voulez Vous Crepe | 15 Croque Poulet Panini | Orangina | 4 The Chef Salad]
howlin-rays-los-angeles-3, [Wings | White | Dark | Lemonade | Peach Tea | Hot Shake Fries | Whole Bird | Half Bird | Market Side | Hot Chicken & Waffles]
464-los-angeles-2, [Parmesan Truffle Fries | The Mexican Burger | The Greek Burger | Build Your Own Burger | The Korean Burger | The Indian Burger | The French Burger | The Japanese Burger | Thin Cut Fries | Homemade Strawberry Lemonade]
kazunori-los-angeles-9, [Lobster | Salmon | Toro | Blue Crab | Yellowtail | 5-Hand Roll | Bay Scallop | Cucumber | 4-Hand Roll | 3-Hand Roll]
cilantro-lime-los-angeles, [Fries | Tea | Cilantro Rice | Flan | Cilantro Lime Salad | Water | Breakfast Burrito | Mexican Rice | Guacamole | Chile Relleno Burrito]
squarefritz-los-angeles, [Beef | Chicken | Brazilian Dog | Supreme | The Doughie Dog | Ham and Cheese | Pepperoni | The 911 Dog | Bana Tella | The Special Pastel Especial de Feira]
jjs-sandwich-shop-los-angeles, [Grilled Chicken Sandwich | Avocado | Egg | Breakfast Burrito | Breakfast Sandwiches | Teriyaki | Breakfast Omelette | Hashbrown | Philly Cheese Sandwich | Bagel with Cream Cheese]
langers-los-angeles-2, [Pastrami | Hot Pastrami | Cole Slaw | Corned Beef | Pastrami Dip | Chili | Matzo Ball | Chili Cheese Fries | Ham | Chopped Liver]
the-semi-tropic-los-angeles, [Tomato Bisque | Grilled Italian Sandwich | Nitro Cold Brew]
comfort-la-los-angeles, [Wings | Waffles | That Sauce | Water | Dinner Plate | Clean Mean Greens | Brunch Special | The Jamal | Auntie Myrtle s Cornbread | Coke]
kagaya-los-angeles, [Beef | Dessert | Seafood | Wagyu Beef | Mix Shabu Shabu A | Mix Shabu Shabu B | Beer | Wine | Two Seasonal Appetizers | Plum Wine]
dirt-dog-los-angeles-4, [The Green Dog | The House Dog | The Dirty Corn | The Red Dog | Dirty Chips | Deep-Fried Twinkie | Deep-Fried Oreos | Mexican Coke]
the-black-fig-los-angeles, [Black Fig Burger | Ghost Burger | Turkey Burger | Pastrami Burger | Quiche | Soup of the Day | Soup of The Day | Breakfast Burritos]
bestia-los-angeles, [Coffee | Burrata | Refreshing | Salumi | Mussels and Clams | Cavatelli alla Norcina | Spaghetti Rustichella | Margherita | Grilled Calamari | Farro Salad]
guisados-los-angeles, [Quesadilla | Cochinita Pibil | Steak Picado | Mole Poblano | Bistek En Salsa Rojo | Tamales | Calabacitas | Tinga De Pollo | Pescado | Chicarron]
sushi-gen-los-angeles, [Sashimi | Rice | Soup | Sashimi Deluxe | Sushi Deluxe | Pickle | Sashimi Dinner | Oyster | Ginger | Monkfish Liver]
restaurante-tierra-caliente-los-angeles-3, [Tacos | Chilaquiles | Burrito | Chilaquiles Mole | Enchiladas de Mole | Quesadilla | Avocado | Enchiladas Verdes | Huevos Rancheros | Queso Fresco]
eastside-market-italian-deli-los-angeles-4, [Cannoli | Potato Salad | Macaroni Salad | 7 Roast Beef Pastrami and Cheese Hot Sandwich | Chicken Parmesan | Sausage Meatball Roast Beef and Pastrami Sandwich | 21 Roast Beef Pastrami and Cheese Cold Sandwich | 20 Pastrami and Cheese Cold Sandwich | Fruit Bowl | Sausage Meatball Roastbeef and Pastrami Sandwich]
sushi-zo-los-angeles-3, [Simple | Seafood | The Hipster]
guisados-los-angeles-3, [Horchata | Quesadilla | Chorizo | Cochinita Pibil | Chicharron | Melon | Steak Picado | Bistek en Salsa Roja | Mole Poblano | Pescado]
revolutionario-north-african-tacos-los-angeles, [Cilantro Yogurt Chicken Taco | Charred Vegetables Taco | Shrimp Causa | Yellowtail Ceviche | Cilantro Yogurt Chicken Quesadilla | Sweet Pepper and Poached Egg Brik]
la-1st-st-taqueria-los-angeles, [Las Jamburgesas]
batavia-by-barista-society-los-angeles-3, [Hot Casanova Latte (12oz)]
little-jewel-of-new-orleans-los-angeles-2, [B Crawfish Mac and Cheese | Red Beans and Rice | I Fried Okra | 25 Seafood Lover Po Boy | Muffuletta Sandwich | 12 Little Jewel Deluxe Half and Half | 15 Little Jewel Surf and Turf Po Boy | 27 Sloppy Joe Po Boy | L Fried Zucchini Sticks | 11 Crescent City Fried Shrimp Po Boy]
happy-taco-los-angeles, [Breakfast Burrito | Carne Asada Nachos | Veggie Burrito | Veggie Nachos | Carne Asada Taco | Carne Asada Burger | Shrimp Burrito | Carne Asada Burrito | Al Pastor Taco | La Gringa Torta]
aca-grill-los-angeles-2, [ACA Plate #1 | ACA Plate #2 | Beef Empanada | Ceviche | Spicy Chicken Empanada]
las-molenderas-restaurant-los-angeles-2, [Tacos | Mole Fries | Torta | Burrito | Quesadilla | Fresh Guacamole | Sopes | Pipian Rojo | Pipian Verde | Torta Cubana]
tofu-and-noodles-los-angeles-2, [Rice | 2 Kimchi Fried Rice | 4 Seafood Pancake | 5 Kimchi Pancake | 3 Spicy Rice Cake | 4 Chicken Noodle Soup | 1 Spicy Marinated Tofu and Vegetables with Beef or Squid | 9 Cold Mixed Noodles | 3 Spicy Seafood Knifecut Noodle Soup | 1 Spicy Beef Soup]
kabab-and-more-los-angeles-2, [Barg Kabob** | Lamb Shank | Baghali Polo | Shirazi Salad**]
el-zarape-los-angeles-2, [Quesadilla | Shrimp Burrito | Fish Tacos | Shrimp Tacos | Nachos | Asada Taco | Pastor Taco | Asada Burrito | Pastor Burrito | Carnitas Burrito]
desano-pizza-bakery-los-angeles, [Gelato | Cannoli | Lasagna | Desano | Spinach | Meatballs | Caprese | Marinara | Vesuvio | Biscotti]
tlayuda-la-mexican-restaurant-los-angeles-3, [Tortillas | Two chorizo tacos | Burrito | Quesadilla | Flan | Black beans | Aguas Frescas | Cold Brew Coffee | BrewChata | Torta]
marugame-monzo-los-angeles-2, [Squid | Shrimp | Mentai Squid Butter Udon | Chicken | Beef Udon | Curry Udon | Shrimp Tempura Udon | Shiso | Kake Udon | Udon Gratin]
luisitos-tortas-and-jugos-los-angeles, [Torta | Flor de Calabaza Quesadilla | Asada Taco]
azla-los-angeles, [Injera | Spicy Tofu | Brown Rice | Kale Salad | 4 Item Combo | Sorrel | 3 Item Combo | Misir | Chocolate Chip Cookie | 2 Item Combo]
brothers-sandwich-shop-los-angeles, [Egg Salad Sandwich | Water | Chicken Salad Sandwich | Brothers Signature Sandwich | Tuna Salad Sandwich | Canned Soda | Hot Roast Beef and Pastrami with Au Jus Sandwich | Turkey Cheese Sandwich | San Pellegrino | Roast Beef and Cheese Sandwich]
pasta-sisters-los-angeles, [Lasagna | Bolognese | Tiramisu | Mashed Potatoes | Panzerotti | Ricotta | Eggplant Parmigiana | Arrabbiata | Italian Ham | Buffalo Mozzarella]
mesón-cafe-los-angeles, [Coffee | Turkey Sandwich | Latte | Orange Juice | Breakfast Bowl | Chicken Sandwich | Hot Bowl | Tuna Sandwich | Iced Coffee | Veggie Bowl]
westbound-los-angeles, [Beef Tartare | Oyster | Seasonal Market Vegetable | Gravlax Cones (2) | New Zealand Tai Snapper | La Remedia]
everson-royce-bar-los-angeles-3, [Steamed Buns | Smoky Potato Taquitos | Single Burger | On Point | Infante | Flaky Buttermilk Biscuits | Hamachi Tartare Tostada | Barbecued Chicken Thighs | Talent Scout | Bazant Grapefruit]
kang-ho-dong-baekjeong-los-angeles-2, [Beef | Soju | Boneless Short Rib | Lunch Box | Kimchi Stew | Thinly Sliced Brisket | Bean Stew | Pork Short Rib | Thinly Sliced Pork Belly | Sliced Rib Eye]
figueroa-philly-los-angeles, [Cheese | Cheesesteak | Onion Rings | Provolone | Mushrooms | Sweet Potato Fries | SC Philly | Famous Figueroa Philly | Bell Peppers | French Fries]
stumptown-coffee-los-angeles, [Hair Bender | House Blend | French Roast | Stumptown Blend Trio]
chichen-itza-los-angeles-2, [Cochinita Pibil | Horchata | Pollo Asado | Poc Chuc | Guanabana | Agua De Chaya | Jamaica | Tikin-xic | Pollo Pibil | Torta De Cochinita Pibil]
wurstküche-los-angeles-2, [Bratwurst | Curry Ketchup | Chipotle Aioli | Mango Jalapeno | Pesto Mayo | Chipotle Ketchup | Kielbasa | Sun Dried Tomato & Mozzarella | Rattlesnake & Rabbit With Jalapeno Peppers | White Truffle Oil Glaze]
the-heights-deli-and-bottle-shop-los-angeles, [Chicken Parm Sub | Truffle Fries | The Heights Sub | Main St Sub | Antipasto Salad | Carbonara | Mozzarella Sticks | Caprese Salad | The Broadway Sub | Eggplant Parm Sub]
cherry-pick-cafe-los-angeles, [Avocado | Cobb Salad | BLT Sandwich | Chicken Caesar Sandwich | Ham Sandwich | Fresh Squeezed Strawberry Lemonade | Cherry Pick Sub | Egg Salad | Cappuccino | Egg Salad Sandwich]
maccheroni-republic-los-angeles, [Gnocchi | Rigatoni | Agnolotti Di Osso Bucco | Ravioli Di Zucca | Violetta Di Melanzane | Bianchi & Neri | Cuffie Al Nero Di Sepia | Bigoli Della Nonna | Linguine Al Frutti Di Mare | Bruschetta di Panzanella]
pizza-della-nonna-los-angeles, [NY Cheesecake | Tiramisu | Fettuccine al Gamberetto e Broccoli | Lobster Ravioli | Beef Ravioli | Chocolate Chip Cookies | Alla Hawaiana Pizza | Margherita Pizza]
au-lac-los-angeles-2, [Pho | Garlic Basil | Cheezy Lime Popcorn | Chocoholic | Coconut Juice | Bombay Mix | Eggrolls | Crimini Pesto* | Chinoise Chicken Salad | Whole Coconut]
garçons-de-café-los-angeles, [Latte]
eko-eats-los-angeles, [Fried Chicken Salad | Chosun Bowl | Korean Fried Chicken and Bibimbap | Fried Chicken 3 Pcs]
gueros-cocina-mexicana-los-angeles, [Burrito | Mexican Soda | Carne Asada | Enchiladas | Burrito Mojado | Quesadilla | 5 Taco Plate | Guacamole | Carnitas | Veggie Burrito]
orleans-and-york-deli-los-angeles-3, [Shrimp Po Boy | Fries | Dirty Rice | Catfish Po Boy | Oyster Po Boy | Coleslaw | Gumbo Mumbo | Big Mo s Favorite | Cajun Potato Salad | Surf and Turf Bowl]
un-solo-sol-los-angeles-2, [Beans | Taquitos | Cheese | Saltado | Black Beans | Potato Taquitos (3) | Fried Plantain | Fajitas | Green Pozole | Mango Lassi]
birdies-los-angeles, [Coffee | Lemon Thyme Pistachio | Birdies Breakfast Sandwich | Latte | Blueberry Lemon | Birdies Spicy | Birdies Original | Birdies Bites | Cold Brew | Leg And Thigh]
jist-cafe-los-angeles, [Chashu Hash Skillet | Water | Porky Omurice | Breakfast Potatoes | The Hangover Killer | 2 Eggs | Strawberry Shortcake Pancakes | Chashu Potatoes | Stumptown Coffee | Crme Frache Pancakes]
the-morrison-los-angeles, [Sliders | Sweet Potato Fries | Classic Burger | Pickles | Craft Beer | Late Breakfast | Cheese Fries w/bacon jam | Bacon Bourbonator | Slaw | Old Fashioned]
papa-cristos-los-angeles-2, [Rice | Baklava | Potatoes | Tzatziki | Hummus | Kebab | Gyro Sandwich | Greek Salad | Moussaka | Gyro Plate]
yeyas-restaurant-los-angeles-2, [Pozole | Menudo | Flan]
silverlake-ramen-los-angeles, [Pork Belly | Egg | Chicken | Tonkatsu Ramen | Garlic | Pork Bun | Corn | Spinach | Mushroom | Butter]
grace-cafe-los-angeles-2, [Turkey Pesto | Croissant | Breakfast Burrito | Chicken Salad | Chicken Acapulco Wrap | Hot Pastrami | Chicken Ranch | Chicken Teriyaki | Veggie Burrito | Tuna]
sugarfish-by-sushi-nozawa-los-angeles-2, [Tuna | Nozawa | Salmon | Blue Crab | Albacore | Tuna Sashimi | Halibut | Yellowtail | Blue Crab Hand Roll | Uni]
elf-café-los-angeles-2, [House Risotto | Tahini Avocado Puree | Fattayer | Kofta with Saffron Cous Cous]
dinos-chicken-and-burgers-los-angeles, [Cheeseburger | Pastrami Burrito | Hamburger | Wet Burrito | Double Cheeseburger | Chili Burger | Grilled Cheese | Veggie Burrito | Asada Burrito | Carne Asada Plate]
vees-cafe-los-angeles-11, [Coffee | Spicy Chicken Panini | Lemonade | Chicken Quesadilla | Mint Lemonade | Chicken Pesto Panini | Chicken Chipotle Panini | Espresso | Cold Pressed Juices | Southwestern Wrap]
edibol-los-angeles, [Lemon | Pretzel Grilled Cheese | BOLicious | Pretzel Grilled Cheese Wedges | Honey Citrus | Lemon Ricotta Fritters | Chicken and Waffles | Miso Peanut Ramen | Cheddar Buttermilk Biscuit | Shrimp and Grits]
baldoria-los-angeles, [Charred Octopus Pizza | Caliente Pizza | Wild Funghi Conserva Pizza | Carnivoro Pizza | Margherita Pizza | Mrs. Croque Pizza | Sweet Mary Pizza | Yukon Gratin Pizza]
food-haus-café-los-angeles, [Truffle Fries | Tea | Bleu Burger | Burger 24 | Blacklisted Sandwich | South Central Fries | Coffee | Haus Fries | Lemonade of the Day | Burger of the Day]
bar-mattachine-los-angeles-3, [Experience | manhattan]
bäco-mercat-los-angeles-2, [Salad | The Original | Hamachi Crudo | Caramelized Cauliflower | The Toron | Soup | Squash Blossoms | Double Mushroom | The Beef Tongue Schnitzel | El Pesco]
the-pie-hole-los-angeles-3, [Earl Grey | Mexican Chocolate | Maple Custard | Latte | Chai | Espresso | Salted Caramel | Chicken 'n' Cornbread | Chocolate Crostata | Mac 'n' Cheese]
sopressata-at-black-hogg-los-angeles-2, [Sopressata | Italian Meats | Turkey and Avocado | Olive Oil Tuna | Avocado Fontina | Olive Oil Tuna Salad | The Meatball | Fontina and Provolone]
shabu-shabu-house-los-angeles, [Shabu Shabu | Beef | Vegetable | Noodle | Beer | Soft Drinks | Iced Coffee (UCC) | Vegetable Set]
two-guns-espresso-los-angeles-2, [Flat White | Latte | Espresso | Macchiato | Long Black | Cappuccino]
eggslut-los-angeles-2, [Slut | Fairfax | Cheeseburger | Gaucho | Egg Salad | Boxed Water | Fresh Orange Juice | Cold Brew Coffee | Side Salad | Salted Chocolate Chip Cookie]
amazebowls-los-angeles-2, [Amazebowl | The Rio Deal | Tropic Thunder | Fresh Prince of Bowl-Air | The Cardinal]
ham-ji-park-los-angeles-2, [Pork Neck Stew | Pork Spare Ribs | Tofu | Vegetable | Fermented Soybean | Kimchi Rice In Sizzling Stone Bowl | Pan Broiled Squid | Jeju Pork Belly | Pork Bacon | Pan Broiled Octopus]
water-grill-los-angeles, [Caramel Bread Pudding | Kumamoto | Key Lime Pie | French Fries | Cioppino | Wedge Salad | Naked Cowboy | Uni Toast | Fritto Misto | Maple Cheesecake]
kobawoo-house-los-angeles-2, [Rice | Fresh | Bosam | Bulgogi | Haemul Pajun | Kimchi Chigae | Hite | Kimchi Jun | Jangban Guksoo | Chung Gook Jang]
sushi-go-55-los-angeles, [Tai | Uni | Miso Soup | Sake | Hamachi | Ikura | Unagi | Dragon Roll | Masago | Spider Roll]
patina-restaurant-los-angeles-2, [Chocolate | Lobster | Corn | Apple | Scallop | Lemon | Hare | Strawberry | Hazelnut | Halibut]
bowery-bungalow-los-angeles, [Babaganoush | Slow Cooked Lamb | Eggplant | Roast Jerusalem Artichokes | Mussels | Baby Back Ribs | Mini Mezze | Turmeric Fried Rice | Beef Tongue Shawarma Gnocchi | Za'atar Bruschetta]
bar-jackalope-los-angeles, [Whiskey Sour | Old Fashioned | Pappy Van Winkle 15 Years Old]
shayan-express-restaurant-los-angeles, [Hummus | 7 Chicken and Beef Combo | 4 Grilled Salmon | Cucumber Yogurt | Lentil Soup | Shirazi Salad | 11 Lamb Shank | 9 Ground Chicken Kabob | Chicken Burrito | 3 Ground Beef Kabob]
mix-fresh-and-natural-los-angeles, [Avo Citrus Mix Salad | The Blue Mix Salad | Chipotle Mix Salad | Pineapple Doozy Smoothie | The Green Mix Salad | The Red Mix Salad]
urth-caffé-downtown-los-angeles, [Spanish Latte | Pumpkin Pie | Pesto | Espresso | Chicken Curry | Honey Vanilla Latte | Hazelnut | Cappuccino | Curry Chicken | Japanese Tea Latte]
cafe-alba-los-angeles, [Breakfast Sandwich | Quinoa Salad | Cappuccino | Chicken Empanadas | Latte]
grannys-kitchen-los-angeles, [Corn | Gravy | Mac and Cheese | Cornbread | Black Eye Peas | Meatloaf | Sweet Tea | Kool Aid | Candied Yams | Rice and Gravy]
plan-check-kitchen-bar-los-angeles-5, [Fries | Chefs Favorite Burger | K-BBQ Burger | Southern Fry | Sweet Potato Waffle Fries | Beast Fries | Smokey Fried Chicken | Stuffed Mushroom | Pcb (Plan Check Burger) | Beer Nuts]
my-vegan-gold-los-angeles-2, [Orange Chicken | Kale Salad | Lemonade | Thai Beef Jerky | My Vegan Bowl | Vegan Fries | Thai Iced Tea | Yellow Curry Noodle | Papaya Salad | Sweet Potato Fries]
cafe-gratitude-los-angeles-10, [Healthy | Quinoa | Avocado | Brown Rice | Wonderful | Complete | Blackened Tempeh | Maple Syrup | Vital | Pico De Gallo]
pitchoun-bakery-and-café-los-angeles, [Croissant | Almond Croissant | Baguette | Latte | DTLA | Bread Pudding | Cappuccino | Raspberry Tart | Kouign Amann | Pizza]
tribal-cafe-los-angeles, [Ginger Lemonade | Espresso | Kale | Iced Tea | Celery | Filipino Chicken Adobo | Arugula | Thai Iced Tea | Cabbage | Benefits]
wahs-golden-hen-los-angeles, [Bbq Pork | Crispy Chicken | Chicken Chow Mein | Combination Chow Mein | House Chow Mein | Mushroom Chicken | Egg Rolls (2) | Salty Fried Squid | Cashew Chicken | Shrimp Chow Mein]
nicks-cafe-los-angeles, [Breakfast | Coffee | FT | Chilaquiles | Gravy | Waffle | Chorizo | Fries | Cheese | Country]
pazzo-gelato-los-angeles, [Chocolate | Hazelnut | Orange | Strawberry | Mango | Coconut | Date | Mascarpone | Pear | Mint]
tommys-original-world-famous-hamburgers-los-angeles-6, [Cheese Fries | Chili Cheese Fries | Cheeseburger | Hamburger | Chili Fries | Chili Cheese Dog | Double Cheeseburger | Breakfast Burrito | French Fries | Chili To Go]
slurpin-ramen-bar-los-angeles, [Rice | Bulgogi Egg Roll | Takoyaki | Slurpin Ramen | Gyoza | Fried Rice | Veggie Ramen | Soft Shell Crab | Sesame Chicken | Edamame]
i-panini-di-ambra-los-angeles-4, [Side Salad | Cappuccino | Tiramisu | Croissant | Chicken Salad | Biscotti | K2 Sandwich | Caprese Sandwich | Parma Ham and Mozzarella Sandwich | Smoked Salmon Salad]
indias-restaurant-los-angeles-18, [Chicken Tikka | Chicken Tikka Masala | Garlic Naan | Saag Paneer | Rice Pudding | Tandoori Chicken | Lassi | Chicken Curry | Mango Lassi | Salad]
boos-philly-cheesesteaks-and-hoagies-los-angeles, [Boo s Cheesesteak | Cheese Fries | Pizza Fries | Wise Chips | Steak Fries | French Fries | Boo s Cheesesteak Hoagie | Boo s Mushroom Steak | Boo s Pizza Steak | Boo s Pepper Steak]
aroma-restaurant-los-angeles, [Penne | Meat Ravioli | Coffee | Shrimp Scampi | House Salad | Seafood Linguini | Fettuccine Alfredo | Linguini with Clams | Caesar Salad | Chicken Aroma]
poppy-rose-los-angeles, [Waffle | Egg | Bacon | Pulled Pork Hash | Pancakes | Sausage | Fried Chicken Sandwich | Toast | Breakfast Sandwich | Market Scramble]
sage-organic-vegan-bistro-los-angeles-3, [Fresh | Sweet Potato | Waffle | Latte | Butternut Squash Ravioli Dinner | A Scoop | Date Shake | Plantains | Mozzarella Sticks Lunch | Brownie Sundae]
ejs-bites-los-angeles, [Salad | Freak-E Fries]
the-factory-kitchen-los-angeles, [Prosciutto | Cannoli | Mandilli Di Seta | Porchetta | Casonzei | Cotto | Pappardelle | Tradizionale | Gelato | Modenesi]
shin-sen-gumi-hakata-ramen-little-tokyo-los-angeles-4, [Hakata Ramen | Spicy Miso | Corn | Gyoza | Chashu | Poached Egg | Fried Rice | Bean Sprouts | Flavored Egg | Seaweed]
kush-sake-bar-los-angeles-3, [Rice | Pork Bun | Oyster | Shrimp Bun | Corn | Black Cod | Seafood Fries | Chicken Butt | Marinated Pork Belly | Carpaccio]
badmaash-los-angeles-2, [Butter Chicken | Chicken Tikka Masala | Chicken Tikka Poutine | Chili Cheese Naan | The Traditional | Badass Chicken Tikka | Spiced Mango Pork Belly | Ghost Chili Lamb Vindaloo | Spiced Lamb Burger | Tandoori Roti]
hae-ha-heng-thai-bistro-los-angeles-6, [Pad Thai | Drunken Noodle | Pad See Ew | Green Curry | Sticky Rice | Pineapple Fried Rice | Tom Yum Soup | Papaya Salad | Panang Curry | Yellow Curry]
1810-argentinean-restaurant-los-angeles-2, [Empanadas | Chorizo | Gnocchi | Milanesa | Croquetas | Salmon Salad | Parrillada Mixta Lunch | Provoleta | Broccoli | Tapa de Asado 10 Oz]
bierbeisl-imbiss-los-angeles, [Curry Fries | Potato Salad | Sauerkraut | Turkey Schnitzel | French Fries | Cheesy Kasekrainer | Crispy Pork Belly | Veal Burger | Bavarian Weisswurst]
u-pick-cafe-los-angeles, [Rice | Hummus | Chicken Kabob | Falafel | Beef Kabob | Grilled Veggies | Chicken Breast Kabob | Dolma | Greek Salad | Tabbouleh]
cielito-lindo-los-angeles, [3 Taquitos | 1 Taquito | Tamal | Beans and Cheese | Chile Relleno | Burritos | 2 Beef Taquitos | 2 Taquitos / 1 Chile Relleno | Spinach and Cheese Tamal | 2 Taquitos / 1 Tamal]
dune-los-angeles, [Falafel | Hummus | Lamb** | Pickled Beets | Pasture Raised Lamb | Rosewater Dates | House Flat Bread | Combo | Tabouleh | Rosemary Lemonade]
the-oyster-gourmet-los-angeles-3, [Scallop Ceviche | Tuna Poke | Seaweed Salad | Shrimp Cocktail | Little Neck Clams | Fanny Bay]
la-abeja-restaurant-los-angeles, [Chile Relleno | Huevos Rancheros | Steak | Machaca | Steak Picado | Carnitas | Adobada | Chorizo Con Huevo | Huevos A La Mexicana | Frijoles]
cafe-hill-los-angeles, [Chicken Salad | Chicken Breast Kebab Plate | Chicken Breast Kebab Sandwich | Chicken Burger | Philly Cheese Steak | Beef Taco | Grilled Lamb Chops]
ubatuba-acai-los-angeles, [Empanada | Acai Smoothie | Almada Bowl]
the-park-los-angeles, [Fried Egg Sandwich | Carnitas Hash | Tomato Soup | Buffalo Chicken | Grilled Cheese | The Park Burger | Lamb Gyro | Falafel Sandwich | Buffalo Chicken Salad | Caesar Salad]
cafe-teragram-los-angeles, [Tea | Iced Coffee]
la-barbacha-los-angeles, [Tacos | Michelada | Mixiote | Micheladas | Carne Asada | Burritos | Tacos Dorados | Quesadillas De Huitlacoche Y Flor De Calabaza | Enchiladas | Menudo]
market-place-restaurant-los-angeles, [Eggs | Latte | 8oz NY Steak and Eggs | Espresso | Mocha | Cheese Omelet | Horchata Mocha Latte | Chiliquiles | Horchata Latte | Chicken Teriyaki]
wolf-and-crane-bar-los-angeles, [Highball | Wolf & Crane | Grey Wolf | Sapporo | Local Beer | Cab]
yxta-cocina-mexicana-los-angeles, [Margaritas | Guacamole | Carnitas | Flan | Al Pastor | Mexican Rice | Jamaica Margarita | Camaron | Ice Cream | Rajas Poblanas]
seasalt-fish-grill-los-angeles-3, [Churro Waffle 1 | Spicy Poke Bowl | Salmon Poke | Salmon Poke Bowl | Seaweed Salad | Poke 3 Ways | The Full Whack | Jumbo Shrimp n Chips | Southwest Quinoa Kale Salad | Mexican Coke]
biriyani-kabob-house-los-angeles, [Naan | Chicken Tikka | Chicken Tikka Masala | Garlic Naan | Mango Lassi | Lamb Biryani | Chicken Curry | Lamb Curry | Rice Pudding | Chicken Biryani]
bs-taqueria-los-angeles-3, [Churros | Chicken | Chorizo and Papas | Carne Asada | Carnitas | Shrimp | Tostada | Fish | Chorizo & Papas | Tres Leches Cake]
cruzer-pizza-los-angeles-3, [Vegan BBQ Chicken Pizza | Calzone | Potato Wedges | Lasagna | Gluten Free Pizza | Garden Salad | Spinach Salad | Cheese Breadsticks | Meatball Sub | The Jamaican Pizza]
colori-kitchen-los-angeles, [Bread | Cheesecake | Tiramisu | Tomatoe | Meatballs | Bruschetta | Caprese | Flan | Panna Cotta | Spaghetti Carbonara]
spitz-little-tokyo-los-angeles-2, [Thin | Sweet Potato Fries | Mediterranean | Street -cart Fries | Gelato | The Classic Doner | Lavash Wrap | The Chicken Doner | The Veg | Steet Cart (free)]
orsa-and-winston-los-angeles, [Squab | Kanpachi*]
emc-seafood-and-raw-bar-los-angeles, [Uni Pasta | Lobster Roll | Garlic Noodles | Salmon Carpaccio | Seafood Tower | Albacore Sashimi | Shrimp Garlic Noodles | Oyster Shooter | Seafood Stew | Crab Cakes]
poke-2-go-los-angeles-2, [Spicy Poke | Avocado | Aloha Poke | Original Poke and Rice | Original Poke]
community-los-feliz-los-angeles, [Cast Iron Crispy Chicken Sandwich Lunch | Cajun Whitefish Sandwich Lunch | OMG Lamb Sandwich Lunch | The McDowell Sandwich Lunch]
el-huero-los-angeles-2, [Fries | Chili Cheese Fries | Carne Asado Nachos | Meat Nachos | Nacho Plate | Build Your Own Burrito | Quesadilla | Veggie Burger | Fajita Burrito | Taquitos]
providence-los-angeles-2, [Sashimi | Japanese Aji | Striped Bass | A5 Wagyu | Wild Striped Bass | Uni Egg | Maine Lobster | The Ugly Bunch | Pears | Hokkaido Sea Scallops]
raw-cane-super-juice-bar-los-angeles-2, [Raw Cane Juice | Detox Elixir | Alkalizer Tonic | Skin Glo Cup Smoothie | Lemon Cane | Leaves and Grass Cup Smoothie | 50 50 Sport]
the-vegan-joint-los-angeles-4, [Pumpkin Curry | Brown Rice | Chicken Sandwich | Tacos | Dumpling | Yellow Curry | Chow Mein | Fresh Spring Roll | Garlic Chicken Burger | Garlic Fries]
m-grill-los-angeles, [Filet Mignon | Top Sirloin | Ribeye | Bottom Sirloin | Garlic Picanha | Beef Ribs | Brazilian Flan | Smoked Sausage | Costelao | Rack Of Lamb]
the-rustiq-table-los-angeles, [Latte | Baby Kale Caesar Salad | Peppered Tuna Steak Sandwich | Thai Steak Salad | Flank Steak Sandwich]
shekarchi-restaurant-los-angeles-2, [Hummus | Salmon | Cucumber Yogurt | Lamb Shank | Shirazi | Cherry Rice | Barg | Ghormeh Sabzi Stew | Boneless Chicken Kabob | Pickles]
spring-street-bar-los-angeles-2, [Pickle | Chips | Hot Pretzel | Potato Salad | Prosciutto Sandwich | Veggie Melt | Meat and Cheese Board | Meatball Sandwich | Chopped Salad | Pedro Special]
kali-restaurant-los-angeles, [Charred Avocado | Beef Tenderloin | Duck Breast | Black Cod | Yellowtail | Cavatelli Pasta | Bass | Pork Loin | Beet Tartar | Berries and Tomatoes]
yu-chun-los-angeles-4, [Bibimbap | Kimchi Wang Mandu | Bbq & Cold Noodle | Sari | Omelet | Chic Bibim Naang Myun | Mixed Soontofu | Chic Mui Naang Myun | Anchovy Kalgookso | Ojinge Tuikim]
redbird-los-angeles-2, [Chicken Pot Pie | Avocado Salad | Burrata Salad | Chocolate Caramel Bar | Braised Goat Gemelli | Bartenders Choice | Broccolini | The Woods | Grilled Lamb Belly | Shishitos]
natures-brew-los-angeles, [Coffee | Latte | Chai | Espresso | Cold Brew | Mocha | Lemonade | Cappuccino | Vanilla Sky Smoothie | Green Goddess Smoothie]
apétit-los-angeles-2, [Cobb Salad]
brasil-kiss-coffeebar-los-angeles-3, [Acai Bowl | Latte | Cold Brew | Beef Empanada | Cortado | Cappuccino | Brigadeiro | Pingado | Brasil Kiss Latte | I Love LA]
cabbage-patch-los-angeles-2, [Cabbage Patch Slaw | Chopped Salad | Cheese Burger | Grilled Cheese | Fuji Apple & Arugula Salad | Grilled Chicken Sandwich | Green Beans | Oven Roasted Turkey | Roasted Baby Beet Salad | Blta]
eat-drink-americano-los-angeles-2, [Meat | Pastrami | Olives | Veg | Braised Oxtail Sliders | Wedge Salad | Salmon | Southwest Chicken | Garden Fresh | Chips]
catch-56-los-angeles, [Strawberry Mint Lemonade 16 Oz]
chego-los-angeles-5, [Ooey Gooey Fries | Chubby Pork Belly | The Beefy T | 3PM Meatballs | Sour Cream Hen House | Tres Leches | Kimchi Spam Bowl | The Leafy T | Kung Pau Noodle Bowl | Steak in the Heart]
zan-beer-los-angeles-4, [C1 Super Zan Burger | T3 Honey Butter Chicken Bites | Z4 Boneless Chicken Strip | T1 French Fries | Soft Drinks | Y5 Grilled Whole Squid | T4 Fish Chips | T5 Fried Calamari | X3 Kimchi Fried Rice]
puertos-del-pacifico-los-angeles, [Rice | Fish Taco | Shrimp Taco | Oysters | Tortilla | Guacamole | Fish Ceviche | Shrimp Ceviche | Cheese | Beans]
the-stocking-frame-los-angeles, [Hamachi Crudo | Juice | Bucatini Pasta | Warm Avocado Cornbread | Wood Oven Nachos | Soda | Iced Tea | Gold Foil Cheeseburger | Fry Sauce | Brussels Sprouts Hash]
wood-spoon-los-angeles, [Chicken | Rice | Pork Burger | Yam Fries | Beans | Fish | Plantains | Beef | Collard Greens | Coxinha]
parks-bbq-los-angeles, [Bulgogi | Pancake | Steamed Egg | Spicy Beef Soup | Beef Short Rib Soup | Spicy Black Cod | Tofu Stew | Kimchi Stew | Seasoned Boneless Beef Rib | Beef Tartar]
10e-los-angeles-6, [Shawarma | Salmon | Chicken Kebab | Mante | Lamb Chops | Mediterranean Chop | Brussels Sprouts | Shish Kebab | Sujuk | Lamb Kebab]
coffee-gram-los-angeles, [Latte | Mocha | Exclusive Veggie Wrap | Prosciutto Mozzarella Panini | Espresso]
wiki-poki-los-angeles-2, [Seaweed Salad | Edamame | Spicy Edamame | Tea | Crabmeat Salad | Soda | Coffee | Build Your Own Poke Bowl | Water | Hawaiian Sun]
eightytwo-los-angeles-2, [n00b | Princess Peach | Zangief | Wizard Mode | Pinky | Racer 5 | Cold Brew Coffee | pwn3d | Kill Screen | Peroni]
yojie-japanese-fondue-los-angeles, [Rice | Sukiyaki | Green Tea | Noodles | Strawberries | Shabu-Shabu | Spicy Miso | Miso Soup | Ponzu Sauce | Hot Sake]
himalayan-house-los-angeles, [Garlic Naan | Chicken Tikka Masala | Lemonade | Yak | Chow Chow | Samosa | Chicken Tikka Masala Lunch | Kheer | Lassi | Spring Rolls]
genwa-korean-bbq-los-angeles-2, [Japchae | Brown Rice | Kimchee Jigae | White Rice | Udon | Neng Myun | Mackerel | Soon-tofu | Assorted Mushrooms | Den Jang Jigae]
leos-tacos-truck-los-angeles-3, [Tacos | Al Pastor | Asada | Burritos | Carnitas | Quesadillas | Cabeza | Chorizo | Tripa | Lengua]
sidewalk-grill-los-angeles, [Hummus | Tomato Soup | Babaganoush | Greek Salad | Filet Mignon Wrap | Lentil Soup | BBQ Chicken Wrap | Tzatziki | Dolma | Mediterranean Salad]
philippe-the-original-los-angeles, [Beef | Lamb | Potato Salad | Lemonade | Beef Dip | Pork | Macaroni Salad | Turkey | Coleslaw | Coffee]
blue-bottle-coffee-los-angeles-12, [New Orleans | Espresso | Cappuccino | Single Origin | Three Africans | Macchiato | Hot Chocolate | Caffe Mocha | Sparkling Water | Caffe Latte]
boos-philly-cheesesteaks-and-hoagies-los-angeles-2, [Fries | Boo s Cheesesteak | Steak Fries | Pizza Fries | Cheese Fries | Boo s Butterscotch Cupcakes | Boo s Hot Veggie Hoagie | Boo s Cheesesteak Hoagie]
zinc-cafe-and-market-los-angeles-5, [Milk | Potato Arugula Pizza Lunch | Iced Coffee | Potato Arugula Pizza Dinner | Mocha | Asparagus Sandwich Lunch | Toast Breakfast | Peach Juice | Asparagus Sandwich Dinner | Cappuccino]
twinkle-brown-sugar-los-angeles-2, [Boba | Milk Tea | Green Tea | Pudding | Green Milk Tea | Coffee | Mango | Grass Jelly | Oolong milk Tea | Aloe]
the-chairman-los-angeles, [Fries | Spicy Chicken Rice Bowl | Pork Belly Steamed Bun | Pork Belly Rice Bowl | Rice Pudding | Spicy Chicken Baked Bun | Spicy Chicken Noodle Bowl | Pork Belly Baked Bun | Spicy Chicken Steamed Bun]
covell-los-angeles, [Mac N Cheese | Croque Monsieur | Croissant Bread Pudding | Mozzarella Salad | Vegetable Salad | Tortilla Espanola | Croque Provencal]
glorias-café-hp-los-angeles-2, [Shrimp | Black Beans]
chicas-tacos-los-angeles, [Fish Taco | Pork Taco | Veggie Taco | Chicken Taco | Steak Taco | Chips | Guacamole | Caesar Salad | Watermelon Cinnamon | Mexican Coke]
tacos-baja-ensenada-los-angeles-2, [Tacos | Burritos | Baja's Taco | Shrimp Quesadilla Plate | Campechana | Sides | Callo | Camaron | Mixed Seafood Soup | Quesadillas]
baroo-los-angeles, [Kimchi Fried Rice | Asian Fever | Bibim Salad | Passion Fruit Tart | Noorook (Koji) | Gim (Seaweed)]
mo-better-burgers-los-angeles-2, [Onions | Lettuce | Avocado | Mustard | Tomatoes | Mayo | Combo | BBQ Sauce | American | Cheddar Jack Mix]
kitchen-mouse-los-angeles, [Pancake | Avocado | Pancakes* | Sauce | Moros Cakes | Dill Quinoa Salad | Buffalo Bowl | Toast | Breakfast Tacos* | Bagel]
la-fuente-restaurant-los-angeles-2, [Albondigas | Camarones Al Mojo De Ajo | Side Salad | Flan | Caldo De Pollo | Arroz Con Leche | Dinner Salad]
okipoki-los-angeles, [Okipoki 101 | Bang Bang | Hama Time | Lomi Lomi | Straight Outta Tofu]
the-little-easy-los-angeles-2, [Food | Beignets | Jambalaya | Happy Hour | Cheese Grits | Cajun Waffle Fries | Hush Puppies | Seafood Gumbo | Red Beans And Rice | Po-boys]
berlin-currywurst-los-angeles, [Bratwurst | Paprikawurst | Water | Fritten | Alexanderplatz | Scharfe Kasewurst | Izze | Kreuzberg | Mitte | Extrawurst]
localita-and-the-badasserie-los-angeles, [The Sir Nasty | The OG Badass | The Vegan Reuben | The Big Daddy | The Southwest | The Vernon | The BLT | Vegan Chili | The Cheeky Monkey Smoothie | The Cadillac]
groundwork-coffee-co-los-angeles-9, [Bitches Brew | Venice Blend | Earl Grey | Big Easy | Chemex | Gunpowder | Angel City | Vietnamese Iced Coffee]
barcito-los-angeles, [nOquis | Asado | Chicken Liver Mousse | Pulpo | Sangria | Langostinos | Provoleta | Palmitos Salad | Squash Croquetas | Ipa]
cuscatleca-bakery-los-angeles-2, [Breakfast Sandwich | Desayuno de la Abuela | Breakfast Wrap | Desayuno Classico]
curry-house-los-angeles, [Potato Croquette Lunch | Potato Croquette Dinner | Hamburger Curry Dinner | Chicken Breast Katsu Dinner | Pork Katsu Curry Dinner | Vegetable Curry Lunch | Chicken Breast Katsu Lunch | Pork Katsu Curry Lunch | Menchi Katsu Curry Lunch | Hamburger Curry Lunch]
lab-coffee-and-roasters-los-angeles, [Espresso | Americano | Cappuccino | Macchiato | Earl Grey | Earl Grey Macchiato]
arashi-sushi-los-angeles, [Scallop | Miso Soup | Spicy Tuna Roll | Tuna Roll | Chicken | Hite | Dragon Roll | Scallop Roll | Chirashi | Seaweed Salad]
thank-u-pho-los-angeles, [Meat | Noodle | Soup | Egg Roll | Special | Summer Roll | Vegetables | Tofu | Soda | Pho Seafood]
perch-los-angeles, [Steak Frites | Scallops | Mimosa | Pork Belly | French Toast | Baked Brie | White Chocolate Bread Pudding | Octopus | Gnocchi | Brussels Sprouts]
bulan-thai-vegetarian-kitchen-los-angeles-3, [Pad Thai | Hot Wings | Brown Rice | Pad See Ew | Coconut Rice | Sticky Rice | Thai Iced Tea | Orange Chicken Vegan | Wonton Soup | Pumpkin Rice]
the-parks-finest-los-angeles, [Rice | Elote | ELOTE | ANN'S CORNBREAD BIBINGKA | MAMA LEAH'S COCONUT BEEF | Wine | MT. MALINDANG PORK RIBS & RIBLETS | BEEF SHORTRIB | BEEF TRI-TIP | MT. TAAL CHICKEN]
carousel-restaurant-los-angeles, [Cabbage Salad | Falafel | Lentil Soup | Chicken Shawarma | Chicken Shawarma* | Fattoush Salad | Muhammara | Entertainment | Falafel Plate | Sarma]
the-boiling-crab-los-angeles, [Med | Crawfish | Cajun Fries | Mild | Sausage | Oysters | King Crab Legs | Clams | Potatoes | Sweet Potato Fries]
arts-district-brewing-company-los-angeles, [Carrot Dog | Potato Waffle | Kale Salad | Blue Cheese | Chicken Confit Sandwich | Crispy Fish Sandwich]
california-kabob-kitchen-los-angeles, [Hummus | Boneless Chicken Kabob | Boneless Chicken Kabob Lunch | Tabbouleh | Shirazi Salad | Salmon Kabob | Iced Tea | Adas Polo | Gheimeh | Cornish Hen Kabob]
the-edison-los-angeles, [The Edison | Grilled Cheese | Deviled Eggs | The Mistress | Ice Cream | Angel | 20th Century Sliders | Angel Eggs | Truffled Mac & Cheese | Sazerac]
casa-nostra-ristorante-and-bar-los-angeles, [Tiramisu | Parmigiana | Creme Brule | Spaghetti Neri | Piccata | Margherita Pizza | Cannoli | Party 2 | Party 3 | Party 1]
panini-cafe-downtown-los-angeles-2, [Hummus | Hummus Trio | Chicken Shish Kabob | Salmon Kabob | Romaine Avocado Salad | Chicken Wrap | Salmon Panini | Tzatziki | Chicken Pesto Panini | Caesar Salad]
men-oh-tokushima-ramen-los-angeles, [Tokushima Ramen | Chashu | Tonkotsu Ramen | Gyoza | Karaage | Seaweed | Tokushima Don | Shoyu Ramen | Butabara | Kimchi]
handi-kabab-house-los-angeles, [Channa Masala | Lassi | Mango Lassi | Rose Lassi | Paratha]
la-pergoletta-los-angeles-4, [Tiramis | Espresso | Caprese | Cappuccino | Cannoli | Soda | Lasagna Bolognese | Bruschetta Parma and Brie | Pappardelle Boscaiola | Bruschetta Mozzarella]
yangji-gamjatang-los-angeles-2, [Dolsot Bibimbap | Fried Rice | Bulgogi | Sweet and Sour Pork | Gamjatang Soup Pork | Haemul Jjampong | Dak Bulgogi | Yangji Bibimbap | Gamjatang Geongol | Tonkatsu]
bar-ama-los-angeles, [Guacamole | Chile Relleno | Corn Taquitos]
milk-jar-cookies-los-angeles, [Ice Cream Sandwich | Gluten Free Box | Ice Cream Scoop | Custom Box]
the-grain-cafe-los-angeles, [Club Sandwich | Deluxe Burger | Wet Burrito | Falafel Wrap | Coconut Cake | Chicken Curry Wrap | Curry Chicken Salad | Chocolate Cake | Chicken Pita Sandwich | Grilled Veggie Wrap]
nickel-diner-los-angeles-2, [Chicken | Onion Rings | Smac And Cheese | Patty Melt | Vegan Chili | Nickel Burger | Spicy Pulled Pork Sandwich | Steak Sandwich | Coleslaw | French Fries]
hoy-ka-thai-noodles-los-angeles-2, [4 Noodle | 37 Crispy Pork | 9 Crispy Pork | 31 Drunken Noodle | 45 Fried Rice | 30 Pad Thai | 10 Papaya Salad | 19 Boat Noodle | Thai Iced Tea | 46 Pineapple Fried Rice]
sapp-coffee-shop-los-angeles, [Boat Noodle Soup With Beef | Larb | Bbq Chicken | Yen Ta Fo | Seasoned Duck Noodle Soup | Pork Leg With Rice | Grilled Beef]
broken-spanish-los-angeles, [Quesadilla | Chicharron | Duck | Chile Relleno | Rabbit | Queso Fundido | Mushrooms | Flan | Red Snapper | Cazuela]
ostrich-farm-los-angeles, [Coffee | Espresso | Latte | Cappuccino | Tangerine mimosa]
samosa-house-silverlake-los-angeles-2, [Samosa | Jackfruit | Garlic Naan | Veggie Chicken | Smoked Cauliflower | Brown Rice | Saag | Mango Lassi | Yogurt Curry | Samosa Chaat]
kukui-hut-café-los-angeles-3, [Loco Moco | Kalua Pork | Garlic Fries | Milk Tea | Smoothies | Salad | Haole Burger | Moke Big Guy]
mamas-international-tamales-los-angeles-2, [Chicken | Tortilla Soup | Beef | Tofu | Chocolate | Enchiladas | Cheese and Jalapeno | Pineapple | Sweet Corn | Burritos]
elabrew-coffee-los-angeles-2, [Latte | Mocha | Cappuccino | Drip Coffee]
all-angolo-pizza-and-pasta-los-angeles, [Caprese | Penne alla Boscaiola | Strozzapreti alla Trentina | Margherita Pizza | Penne alla Boscaiola Party | Calabrese Pizza | Pizza all orto | Quattro Stagioni Pizza | Pappardelle al Telefono | Margherita Pizza Party]
l-and-e-oyster-bar-los-angeles, [Oysters | The Daily Dozen | Clam Chowder | Fries | Mussels | Fried Oysters | Smoked Trout Salad | Rockefeller | Casino | Oysters The Daily Dozen]
faith-and-flower-los-angeles, [Oxtail Agnolotti | Deviled Jidori Eggs | Ribeye | Roasted Mushroom Pizza | Summer Squash Salad | Kanpachi Ceviche | Carnitas Pizza | Bacon Wrapped Pork Tenderloin | Ny Steak Tartare | Dungeness Crab Toast]
aslan-catering-los-angeles-2, [Baklava | Falafel | Filet Mignon Kabob 4 Pcs | 1 Hummus | 15 Beef Lule Kabob Platter | Beef Lule Kabob | Filet Feast]
ricebar-los-angeles, [Chicken Tinola | Bistek Tagalog | Pancit Luglog | Pan De Sal Sliders]
leos-tacos-truck-los-angeles, [Tacos | Al Pastor | Burritos | Quesadillas | Mulitas | Alambres | Tortas | Asada Buche | Cabeza Carnitas]
guelaguetza-restaurante-los-angeles, [Horchata | Guelaguetza | Margarita | Mole Negro | Flan | Coloradito | Mole Rojo | Chapulines | Chilaquiles | Enmoladas]
madcapra-los-angeles, [Falafel | Red | Green | Flatbread | Yellow | Tahini | Pickles | Orange | Labneh | Water]
pellicola-pizzeria-los-angeles, [Pesto | Meatballs | Pepperoni Pizza | Arancini | Sausage Pizza | Nutella Pie | Garlic Knots | Pepperoni Pizza Slice | Ranch | Tricolore Pizza]
postcards-central-american-soul-food-los-angeles, [3 The Greatest | 4 Langston s Choice | Watermelon Lemonade | Beloved Taco Combo]
the-kitchen-los-angeles, [Fried Chicken | Fries | Pear Pancakes | Meatloaf | Buttermilk Fried Chicken | Garlic Mashed Potatoes | Chicken Pot Pie | Succotash | Bruschetta | Mimosa]
sixth-st-tavern-los-angeles, [Bistro Burger | Brussels Sprouts | Crispy Chicken Sandwich | Classic Burger | Ahi Ceviche | Steak and Fries | French Dip | Best Cheese Fries | Broccolini | Fried Chicken Salad]
intelligentsia-coffee-los-angeles-4, [Intelligentsia | La Perla De Oaxaca | Classic Espresso | Flecha Roja]
hiatus-urban-barbeque-los-angeles, [Cookie | Brisket Plate | Baked Beans | Chips | Pulled Pork Plate | BBQ Chicken Salad | Veggie Plate | BBQ Chicken Plate | Grilled Veggies | Vegetarian Chili]
trencher-los-angeles-2, [Brisket Sandwich | Pulled Pork Sandwich | Turkey Club | Mac and Cheese | Bahn Mi Sandwich | Potato Salad | Dirty Fries | Iced Tea | Angus Burger | Chicken Club Sandwich]
izakaya-fu-ga-los-angeles, [Spicy Tuna Roll | Chicken Karaage | Pork Belly Wrapped Asparagus | Edamame | 21 Days Aged Rib Eye Steak 6 Oz | Sashimi Salad | Spicy Tofu | Seaweed Salad | Hamachi Carpaccio | Rainbow Roll]
lupes-burritos-los-angeles, [Bean and Cheese Burrito | Guacamole Fries | Steak Burrito | Hot Dog | Quesadilla | Beef Bean and Cheese Burrito | Special Quesadilla | Pastrami | Steak Quesadilla | Large Guacamole Fries]
good-greek-grill-los-angeles, [Gyro | Plate | Zeus Fries | Saganaki Bites | Feta Fries | Platter | Baklava Bites | Tzatziki Sauce | Greek Salad | Spicy Feta Fries]
arayas-place-thai-vegan-restaurant-los-angeles, [Avocado Curry | Drunken Mushroom | Noodles | Tofu | Brown Rice | Green Curry | Peanut Sauce | Panang | Spicy Noodle | Red Curry]
flemings-prime-steakhouse-and-wine-bar-los-angeles, [Dessert | Creme Brulee | Creamed Spinach | Baked Potato | Sauteed Mushrooms | Main Course | French Onion Soup | The Prime Rib Dip* | Jumbo Lump Crab Cakes | Prime Rib Dinner*]
il-capriccio-on-vermont-los-angeles, [Soda Dinner | Sparkling Water | Fusilli Funghi e Melanzane Dinner | Rigatoni Antonio Dinner | Ravioli Ricotta Dinner | Fusilli con Funghi e Melanzane Lunch | Fettuccine Verde con Funghi Misti Dinner | Tagliolini Neri con Gamberi Rosa Lunch | Tagiolini Neri con Gamberi Rosa Dinner | Cheesecake Lunch]
seoul-garden-restaurant-los-angeles, [Galbi | Roast Gui | Beef Jing-Gee Skhan  Porridge | Dak Gui | Coke | Dae Gu Jorim | Turkey Jing-Gee Skhan  Porridge | Jjap Chae | Yook Gae Jang | Hwe Nengmyun]
dantes-cafe-los-angeles, [Chips and Salsa | Mango Salad]
its-boba-time-los-angeles-9, [Shaved Ice | Strawberry | Mango | Taro | Thai Milk Tea | Kiwi | Peach | Taro Milk | Honeydew | Green Tea Frapp]
cardamom-indian-cuisine-los-angeles, [Naan | Samosa | Garlic Naan | Chutney | Saag | Saag Paneer | Murgh Tikka | Raita | Hyderabadi Murgh Tikka Masala | Peshwari Naan]
sevan-garden-kebab-house-los-angeles, [Hummus | Lule Kebab | Chicken Kebab | Doner Kebab | Lentil Soup | Shish Kebab | Kofte Kebab | Beyti Kebab | Iskender Kebab | Lahmacun]
mohawk-bend-los-angeles, [Fries | Bacon | Avocado | Chicken | Sweet Potato Fries | Goat Cheese | Blue Cheese | Buffalo Style Cauliflower | Coffee | Stuffed Dates]
yang-chow-los-angeles, [Slippery Shrimp* | Wonton Soup | Lemon | Lemon Chicken | Fried Shrimp | Szechuan Chicken* | Egg Drop Soup | Kung Pao Chicken* | Yang Chow Fried Rice | Shrimp Fried Rice]
la-carreta-los-angeles-6, [Carne Asada | Nachos | New Cheese Quesadillas]
falafel-arax-los-angeles, [Falafel | Rice | Tongue | Shawourma | Grape Leaves | Shish Kebab | Chicken Kebab | Arax Combo | Shawourma French Roll | Chicken with garlic sauce]
atlacatl-restaurant-los-angeles, [Cheese | Rice | Beans | Fried Plantain | Frita | Chicken Tamale | Pork Tamale | Pupusa Con Queso | Chicken Soup | fries]
otium-los-angeles, [Pork | Hamachi | Chicken | Bacon | Duck | Avocado | Bucatini | Mole | Falafel | Cauliflower]
vanak-shandiz-restaurant-los-angeles, [3 Koobideh | 3 Shirazi Salad]
bunker-hill-bar-and-grill-los-angeles, [Fries | Chicken | Truffle Burger | Short Rib | Steak | Gin | Mimosa | Salmon | Lobster Roll | Sweet Potato Fries]
the-fix-burger-los-angeles, [Fries | Garlic Fries | Sweet Potato Fries | Onion Rings | Buffalo Burger | Rodeo Burger | Ranch | Pesto Burger | Jack | Ono Burger]
naturewell-los-angeles-2, [Acai Bowl | Coconut Kale Smoothie | Coconut Date Smoothie | Coconut Smoothie | Protein Smoothie | Healthy Heart | Wheat Grass Shot | Face Melter Shot | Berrylicious Smoothie | Strawberry Smoothie]
sandwich-shop-los-angeles-2, [Turkey Club | Miso Lemon Chicken Salad | Vegan Chicken Banh Mi | Cubano Sandwich | Chicken Caesar Salad | Soup of the Day | Arrowhead Water | Turkey Ciabatta Sandwich | Caprese Sandwich]
la-prime-los-angeles-2, [Roasted Maine Lobster Bisque | Potato Gratin | Steak Au Poivre | Blue Fin Tuna | Chilean Sea Bass | Center Cut Petite Filet Mignon 8 Oz | Creamed Corn Off The Cob | Caesar Salad | Roasted Red And Golden Beets | California Local Honey Glazed Wiser Farm Petite Carrots]
fix-coffee-los-angeles, [Chevre | Roasted Veggie Salad]
spear-steak-and-seafood-house-los-angeles, [Filet Mignon | Crab Cake | Salmon Sashimi | Chowder Fries | Mac and Cheese | Tomahawk Pork Chop 22 Oz | Sea Bass | Uni Cream Pasta | Braised Pork Belly | Garlic Mashed Potatoes]
marouch-restaurant-los-angeles-2, [42 Vegetarian Combination Lunch]
pez-cantina-los-angeles, [Shrimp | Molcajete | Carne Asada | Queso Fundido | Octopus | Scallops | Oysters | Shrimp Taquitos | Ceviche Tostadas | El Pez]
cicada-restaurant-los-angeles, [Risotto | Filet Mignon | Chocolate Molten Cake | Tuna Tartar | Basil Gnocchi | Braised Short Ribs | Lobster Linguine | Cappucino | Mixed Greens | Berry Martini]
tomato-pie-pizza-joint-los-angeles-4, [Tomato Pie | The Grandma | Garlic Knots | Pesto | Joe P. | Deluxe | Calzone | Orange | Marinara | Ny-Style]
the-bun-shop-los-angeles, [Shop Fries | Fried Wontons | 2 Buns and A Side | Ba'corn Cheese | Sticky Wings*]
indus-by-saffron-los-angeles, [Chicken Tikka Masala | Chicken Curry | Saag Paneer | Samosas | Tandoori Chicken Salad | Tandoori Chicken Combo | Cucumber Raita | Tandoori Vegetables | Tandoori Chicken Platter | Peeli Daal]
blu-elefant-cafe-los-angeles-4, [Latte | Espresso | Veggie Wrap | Cafe con Leche | Dirty Pirate | Roast Turkey Sandwich | Turkey Club | Blueberry Smoothie | Strawberry Smoothie | Chicken Salad]
drago-centro-los-angeles, [Le Pappardelle Al Fagiano | Il Branzino | La Burrata | Il Tagliere Di Affettati Con Gnocco Fritto | I Ravioli | I Garganelli | Il Salmone | La Pizza Alla Salsiccia | Il Pollo | Gli Agnolotti]
seafood-express-los-angeles-2, [Jumbo Louisiana Shrimp | Fish and Chips | Whole Shabang Squid | Honey Shrimp | Sweet and Spicy Chicken Wings | Hawaiian Style Shrimp | Sweet and Sour Chicken | Shrimp Taco | Hawaiian Shrimp Plate | Shrimp Fried Rice]
homestate-los-angeles, [Queso | Brisket | Trinity | Chicken | Guacamole | Pecos | Brisket Sandwich | Loaded Queso | Latte | Picadillo]
mrs-sippee-los-angeles-4, [Asada Burrito]
yupdduk-olympic-los-angeles, [Yup Dduk | Seaweed Rice Ball | Chicken Feet | Boneless Chicken Feet | A Set | Banana Milk]
braazo-pizza-los-angeles, [Wings | Mozzarella Sticks | Black and White Pizza | Hawaiian Pizza | Mama Mia Pizza | Veggie Pizza | Water Bottle | Cheese Pizza]
mrs-fish-los-angeles, [Poolside | Old Fashioned | Chilean Breeze | Cauliflower | Beef Sliders | Moscow Mule | Vanil Brasil | Beef Carpaccio | Chinese Chicken Salad | London Calling]
napoleon-and-josephine-los-angeles, [Desserts | Boeuf Bourguignon | Corsican Antipasti mix | True Myth]
caveman-kitchen-los-angeles-2, [Rice | Lomo Saltado | 1/4 Chicken | Quesadilla | Chicken Salad | Black Beans | Pollo Al Mojo | Veggie | Cave Club Sandwich | French Fries]
la-café-los-angeles-2, [Lobster Grilled Cheese | Chili Cheese Fries | Chipotle Chicken Wrap | Seasoned Fries | Tomato Basil Soup | Chipotle Chicken Panini | The Kitchen Sink | Veggie Burger | Grilled Chicken | Cookies]
honda-ya-izakaya-los-angeles, [Gizzard | Liver | Agedashi Tofu | White Meat | Potato Salad | Edamame | Meat Ball | Agedashi Mochi | Tako-wasa | Green Tea Ice Cream]
miro-los-angeles, [Strozzapreti | Yellowtail Crudo | Squid Ink Corzetti | Roasted Beet Salad | Lamb Sausage | Gorgonzola & Bacon | Rib Eye | Herb Falafel | Bacalao & Potato Croquetas | Summer Squash]
forage-los-angeles, [Pork Belly Sandwich | Avocado Sandwich | Mac n' Cheese | Roasted Chicken | Three Sides | Cauliflower Soup | Roasted Beets | Roasted Salmon Bowl | Grilled Yellowtail | Cous Cous]
23rd-street-cafe-los-angeles, [Chicken Tikka Masala | Ham Breakfast Burrito | Chicken Tikka Masala Quesadilla | Samosa | Bacon Breakfast Burrito | Naan | Beans | Chicken Tikka Burrito | Veggie Breakfast Burrito | Chicken Curry]
la-valentina-mexican-grill-los-angeles, [Carne Asada | Carne | Enchiladas | Guacamole | Quesadilla | Fajitas | Burritos 12" | Enchiladas Suizas | Sopes | Chilaquiles]
simbal-restaurant-los-angeles, [Coconut Flan | Crispy Tofu | Heavenly Beef | Banh Mi Salad | Hamachi Crudo | Banana | Jasmine Rice | Roasted Eggplant And Squash | Glass Noodle Salad | Jidori Chicken Thigh]
tsuri-los-angeles, [Tea | Sexy Roll | Toro Medley | Edamame | Hot Night Roll | Miso Soup | Hye | Shishito | Alba Alba Roll | Dragon Roll]
soot-bull-jeep-los-angeles, [Eel | Short Ribs | Pork | Squid | Chicken | Hite | Tongue | Shrimp | Soju | Baby Back Ribs]
the-tamale-cafe-los-angeles-3, [Chicken | Beef | Pina]
isaan-station-thai-street-food-los-angeles-2, [Papaya Salad | Sticky Rice | Pad Thai | Crying Tiger | Grilled Pork | Green Curry | Beef Jerky | Pad See Eew | Tom Yum | Fried Rice]
the-blue-star-los-angeles, [B.b.q. Beef Sandwich | Grilled Tomato & Cheese | Chicken & Pesto Sandwich | Caprese Sandwich | Oven Roasted Turkey | Blt | Grilled Steak Sandwich | Cobb Salad | Chopped Salad | Warm Spinach Salad]
the-new-moon-los-angeles, [Fried Rice | Chow Mein | Won Ton Soup | Kung Pao Chicken | Chloe s Shrimp | Hot and Sour Soup | Shelby s Sweet and Spicy Chicken | Sweet and Sour Chicken | Honey Glazed Chicken with Orange Zest | Chow Fun]
mexicanos-30-30-los-angeles, [Cafe | Champurrado | 33 Burritos | Cafe de Olla | 6 Huevos con Chorizo | Aguas Frescas | Guacamole con Chips]
caffé-concerto-los-angeles-4, [Blueberry | Lobster Pasta | Salted Caramel | Black Sesame | Earl Grey | Espresso | Creme Brulee | Tomato | Rose | Pistachio]
q-sushi-los-angeles-4, [Octopus | Salmon | Egg | Sea Eel | Squid | Miso Soup | Black Snapper | Seared Toro | Salmon Roe | Sea Urchin]
donut-friend-los-angeles, [Nuts | Cheese | Glazed Donut | Jets To Basil | Bacon 182 | Chocolate Cake | Dozen Donuts | Vanilla Cake | Javabreaker | Fudgegazi]
hollywood-burger-los-angeles, [Tater Tots | Onion Rings | Sweet Potato Fries | The VIP Bacon Cheeseburger | Hollywood Dog | Blockbuster BBQ Burger | Hollywood Dog Kids | The Star Veggie Burger]
chosun-galbee-los-angeles, [Bulgogi | Chosun Galbee | Galbee Jjim | Daeji Bulgogi | Job Chae | Dak Bulgogi | Ross Gui | Bibim Nengmyun | Ke Jang | Galbee Tang]
oomasa-los-angeles, [Salmon | Tuna | Shrimp | Yellowtail | Scallop | Toro | Spicy Tuna | Vegetable | Tuna Roll | Shrimp Tempura]
chi-spacca-los-angeles, [Mashed Potatoes | Roasted Cauliflower | Salumi | Tomahawk Porkchop | Pickles | Focaccia di Recco | Grilled Octopus | Beef & Bone Marrow Pie | Butterscotch Budino | Pane Bianco]
burgerlords-los-angeles, [Cheeseburger | Double Cheeseburger | Hamburger | French Fries]
pizzanista-los-angeles, [Cheese | Pepperoni | Meat Jesus | Cheese Pizza | Garlic Knots | White | Veggie | Vegan Cheese | Arugula | Margherita]
hamburger-dans-4-los-angeles-2, [Milk | 17 Beef and Chicken Plate | Asada Fries | Horchata | Turkey Burger | Onion Rings | French Fries | Cheese Burger Fries | Chicken Burger | Fish Burger]
berry-que-los-angeles-6, [Hollywood | Berry Que | Flavor | Green Light | Vegetarian | Tea | Beet | Espresso | Orange | Apple]
blossom-restaurant-los-angeles-2, [Shrimp | Vegetarian | Chicken | Rare Steak | Crepe | Shaking Beef | Combination | Fried Rice | Chicken Curry | Ginger Limeade]
flor-del-rio-restaurant-los-angeles, [Taco | Menudo | Cabeza]
ocho-mexican-grill-los-angeles, [Burrito | Bowl | Chips | Shrimp | Salad | Tacos | Guacamole | Carnitas | Cilantro Lime | Shredded Beef]
jjan-los-angeles, [Pork Cutlet]
barbaras-at-the-brewery-los-angeles-3, [Port | Stone | Russian River]
bhan-kanom-thai-los-angeles, [Ice Cream | Pandan Custard Bun | Pumpkin In Coconut Milk | Taro Bun | Black Sticky Rice W/taro | Thai Shaved Ice (nam Khang Sai) | Chicken Curry Pie | Banana In Coconut Milk | Green Tapioca Pearls W/corn]
cafe-beaujolais-los-angeles, [Pave De Boeuf Au Porto Et Roqquefort | Noix De Saint-jacques | Le Fletan Au Chamapagne | Salad De Mozzarella Et Tomates | Escargots De Bourgogne | Magret De Canard Au Miel Et Citron | Pork Aux Pommes Et Calvados | Entrecote Au Poivre Vert | Salad Verte | Soup De Soir]
little-pine-los-angeles-2, [Sausage | Tomato Soup | Biscuit | Butter Lettuce Salad | Panzanella | Avocado Toast | French Toast | Egg Salad Sandwich | Croissant | Lemon Poppyseed Pancakes]
ariyoshi-sushi-cafe-izakaya-los-angeles, [80 Salmon Roll | 69 Albacore Roll | 1 911 Roll | 11 Dragon Roll | A12 Garlic Edamame | 22 Superman Burrito | Salmon Sushi | 7 Crunch Roll | 15 Happy Salmon Roll | 71 California Roll]
spitz-los-feliz-los-angeles-2, [Street Cart Fries | Street Cart Doner | Sweet Potato Fries | Spicy Doner | Doquitos | Zesty Feta Doner | The Doner Basket | Thin Cut Fries | Doner with Pommes | Berlin Doner]
marino-restaurant-los-angeles, [Mozzarella Marinara | Pollo Scarpariello | Caprese Con Burrata | Minestrone | Osso Buco | Filetto Gilda | Rapini | Melrose | Calamari Fritti]
far-bar-los-angeles-4, [Wasabi Fries | Tacos | Sliders | Craft Beer | Sake | Little Tokyo Roll | Fried Rice | Buck | Far Bar Burger | Old Fashioned]
papis-pizzeria-los-angeles, [Cheese Pizza | Pizza Slice | Zapata Pizza | Garden Pizza | Butcher Block Pizza | Baby Mixed Green Salad | Oven-Baked Potato Wedges | Bianca Pizza | Pesto Chicken Pizza | Carmelita Pizza]
cha-cha-chili-los-angeles, [Short Rib | Spicy Pork | Chicken | Mushroom Poppers | Fish | Jalapeno Bomb | Tofu | Sweet Potato Fries | Korean Philly Cheese Steak | Korean Sliders]
red-lion-tavern-los-angeles, [Sausage Platter | Potato Pancakes | Bratwurst | Mashed Potatoes | Red Cabbage | Potato Pancakes Lunch | Fish and Chips | Knackwurst | Chicken Schnitzel | Spatzle]
four-leaf-los-angeles, [Mango | Sugar | Matcha Milk Tea | Cheese | Apple | Japanese Explosion | Strawberry | Honey | The Smoking Bird | Caramel]
deli-cious-deli-and-catering-los-angeles-2, [Double Pastrami Sandwich | Turkey Sandwich | Coffee | Hot Pastrami Sandwich | Chicken Pesto Panini | Curry Chicken Sandwich | Italian Panini | Chicken Salad Sandwich | Broccoli Pasta Salad | Roast Beef Sandwich]
taqueria-vista-hermosa-los-angeles, [Tacos | Burritos | Shrimp Fajitas | Torta Ahogada | Chicken Soup | Birria | Sope | Shrimp In Garlic | Nachos | Pambaso]
le-comptoir-los-angeles-3, [Amuse | Chenin Blanc]
novacane-sports-bar-and-grill-los-angeles, [Vegan | Crazy Fritos | Carne Asada | Fried Potato Taquitos | Rehab | Shrimp | Cauliflower | The Ibby | Veggie | Fuck Me Pumps]
la-fonda-antioquena-los-angeles, [Empanadas | Arepa | Chicharron | Churrasco | Chorizo | Arroz Con Pollo | Carne Asada | Morcilla | Pollo Al Ajillo | Frijoles]
industriel-los-angeles, [Short Rib Croquettes Dinner | Pickled Vegetables Lunch | Pulled Pork Sandwich Lunch | Farm Vegetables Lunch | Roasted Tomato Sandwich Lunch | Smoked Potatoes Dinner | Duck Banh Mi Sandwich Lunch | Duck Confit Dinner | Chevre Gnocchi Dinner | Kale Salad Lunch]
fogo-de-chão-brazilian-steakhouse-los-angeles-3, [Polenta | Caramelized Bananas | Smoked Salmon | Pao De Queijo | Chicken Salad | Creme Brulee | Molten Chocolate Cake | Apple Salad | Garlic Mashed Potatoes | Sauces]
pieology-pizzeria-los-angeles-5, [Side Salad | Hickory BBQ Chicken Pie]
yaki-cafe-los-angeles, [8 Quinoa Salad | 3 Galbi BBQ | 3 Croissant Breakfast]
daily-dose-cafe-los-angeles, [Guacamole | Bagel | Toasted Baguette | Mustard | The Jive Turkey | The Mona Lisa | The Guildsmith | T-Fresh | The Butcher | Margot]
haché-la-los-angeles-2, [The Karma Burger | Egg | The Habanero | Avocado | Swiss Onion | Bacon | Caramelized Onions | Portobello Mush | Mojito Ice Tea | Sangria]
brewwell-los-angeles, [Latte | Espresso | Cold Brew | Cappuccino | Green Tea | Affogato | Vanilla Latte | Lavender Pistachio | Hazelnut | Green Tea Latte]
olsons-scandinavian-delicatessen-los-angeles, [Coffee | Pickled Herring | Egg Salad | Pickled Cucumber | Pickled Cucumbers Party | Soda | Herring Salad | Beet Salad | Falukorv | Hungarian Salami]
orchid-bar-kitchen-los-angeles-3, [mac and cheese | Kitchen Burger | kitchen burger | shrimp & grits | Shrimp & Grits | shishito peppers | lentil soup | Lentil Soup | Shishito Peppers | latte]
peking-tavern-los-angeles-3, [Beef Roll | Beef Noodle Soup | Pork Dumpling | Seafood Dumpling | Salad Trio | Smashed Cucumbers | Tomato and Egg Noodle | Old Beijing Zhajiang Noodle | Kale | Sichuan Fish Dumpling]
octopus-japanese-restaurant-los-angeles, [Tuna | Salmon | Octopus | Edamame | Albacore | Spicy Tuna Roll | Ice Cream | Gyoza | Sesame Chicken | Chicken Teriyaki]
the-sit-down-los-angeles, [Bruschetta | Coffee | The Butcher Pizza | Truffled Fries | Penne Arrabbiata | Americano | Lasagna Calzone | Caprese | Super Margherita Pizza | Nonna s Meatballs]
dinos-burgers-los-angeles, [Fries | Chicken | Beans | Pastrami | Chili | Cheeseburger | Onion Rings | Ham | Chili Fries | Steak]
road-to-seoul-los-angeles, [Bulgogi | Pancake | Steamed Egg | Beef Tongue | Shrimp | Spicy Pork Belly | Beef Brisket | Baby Octopus | Road To Seoul Steak | Beef Sirloin]
jjukku-jjukku-bbq-los-angeles-3, [Lunch Box | Beef Tartare | Baby Octopus with Teppanyaki | Soda | Hite | Bibimbap | Cass | Soft Tofu Stew | Noodle in Cold Raddish Kimchi Broth]
souk-shawarma-los-angeles-2, [Hummus | Duck Shawarma | Chicken Shawarma | Falafel | Hummus Bowl | Beef Shawarma | Lamb Shawarma | Vegan Shawarma | Za'tar Fries | Souk Fries]
valerie-confections-los-angeles-4, [Toast | Soft Scrambled Eggs | Smoked Salmon Tartine | Kale Salad | Egg Salad | Farro Salad]
marios-peruvian-and-seafood-los-angeles, [Lomo Saltado | Ceviche Mixto | Saltado De Mariscos | Jalea De Mariscos | Saltado De Pollo | Tallarin Saltado De Carne | Ceviche De Pescado | Papa A La Huancaina | Arroz Chaufa De Camarones | Arroz Chaufa De Mariscos]
pacific-dining-car-los-angeles, [Tea | Coffee | Juice | Baseball Steak Dinner | Country Breakfast | Potatoes Au Gratin Lunch | Baseball Steak Lunch | Creamed Spinach Lunch | Cajun Fried Potato Skins Dinner | Truffled Mac and Cheese Lunch]
lobsta-shack-los-angeles, [Lobster | Fries | Rice | Clam Chowder | Lobster Bisque | Shrimp | Lobster Mac | Fish | Corn | Lemonade]
taix-french-country-cuisine-los-angeles, [Salad | Salmon | Clam Chowder | Vegetable | Tuna | Short Ribs | Calamari | Lamb Chops | Creme Brulee | Lentil]
crawfish-on-fire-los-angeles-7, [Shrimp | Crawfish | Cajun Fries | Clams | Potatoes | Mussels | Fried Oysters | Garlic Noodle | Snow Crab | Lobster]
kouraku-restaurant-los-angeles-2, [Gyoza | Miso Ramen | Tonkatsu | Shoyu Ramen | Chicken Katsu | Chashu Ramen | Katsudon | Shio Ramen | Kimchee | Tanindon]
takami-sushi-and-robata-restaurant-los-angeles, [Tuna | Edamame | Shrimp | Albacore | Scallop | Spicy Tuna on Crispy Rice | Spicy Tuna On Crispy Rice | 21st Roll | Lobster Roll | Spicy Tuna Roll]
powerplant-superfood-cafe-los-angeles-3, [Heal | BBQ Cauliflower Salad | Refresh | Toast | Tempeh Bacon | Taco Plate | Kimchi Avocado Hummus | Cleanse | Latte | Banana Black Magic Smoothie]
seoul-sausage-little-tokyo-los-angeles-2, [Fries | Kalbi | Spicy Pork | Animal Fries | Da Kfc | Kalbi Jimm Poutine | Lamb | Pair O' Balls | Banh Mi | Poke Me]
angelini-osteria-los-angeles, [Beef | Burrata | Caprese | Linguine | Tagliatelle | Panna Cotta | Cherry Tomatoes | Mashed potatoes | Tiramisu | Asparagus]
hygge-bakery-los-angeles, [Slice | Tuna Sandwich | Chocolate Croissant | Spandauer | Almond Croissant | Strawberry Tart]
carlies-cafe-los-angeles, [Wombo Combo | Bacon | Fish Tacos | Tuna | Sausage | Juice | Chicken Club | Beef Brisket | Lettuce Wraps | Steak]
peets-coffee-los-angeles-5, [Iced Coffee | Espresso | Iced Mocha | Iced White Mocha | Jasmine Lime Tea Cooler | Cappuccino]
fusion-burgers-los-angeles, [Sweet Potato Fries | House Burger | Noir Burger | Cheese Tosos | Classic Burger | Chili Cheese Fries | Pepper Burger | Mexican BBQ Burger | Lamb Burger | Pastrami Burger]
mia-jee-tandoori-los-angeles-3, [Chicken Tikka | Chicken Tikka Masala | Garlic Naan | Fanta | Chicken Tikka Dosa | Chicken Seekh Kabab | Roti | Mai Jee Tandoori Platter | Tandoori Chicken | Kheer]
jaragua-los-angeles, [Cheese | Beans | Pork | Tamales | Squash And Cheese | Pan Con Pavo | Chicken Soup | Fried Plantain | Carne Asada | Pollo Encebollado]
curry-king-los-angeles, [Chicken Tikka | Garlic Naan | Chicken Tikka Masala | Samosas | Tandoori Chicken | Lassi | Goat Curry | Chicken Curry | Lamb Curry | Chicken Korma]
coles-los-angeles-2, [Spicy Garlic Fries | Bacon Potato Salad | Pastrami Dip | Tomato Soup | Skinny Dip | Turkey Dip | A La Mode | Lamb Dip | Pork Dip | Spicy Garlic Sweet Potato Fries]
l-assiette-steak-frites-los-angeles-2, [Demi Steak Frites | Bread Service | Pommes Frites | House Sorrel Soup | Poulet Forestier | Poisson Frites | Sandwich de Bifteck | Steak Frites What s Good]
tips-house-los-angeles, [Tom Yum Kai* | Tom Kar Kai* | B.b.q. Pork Spare Rib | Egg Roll (6) | Wonton Soup | Wing Of Angel]
pizza-buona-los-angeles-2, [Garlic Bread | Lasagna | Breadsticks | Cheese Pizza | House Salad | Pastrami Sub | Rustica Pizza | Wings | Marinated Tomatoes | Four Cheese Pizza]
fashion-bistro-los-angeles, [Skinny Salad]
marielas-taco-los-angeles-2, [Chicken | Menudo | Vegetable Soup | Rice & Beans]
le-petit-paris-los-angeles-3, [Bacon | Croque Monsieur | Grand Marnier | Croque Madame | Creme brulee | Mashed Potatoes | Salade Le Petit Paris | Scrambled Eggs | Housemade Duck Foie Gras | Molten Chocolate Lava Cake]
wp24-los-angeles, [Spring Rolls | Tiny Dumplings | Crispy Suckling Pig | Prawn Toast | Crispy Chili-Lime Squid | Vegetarian | Steamed Bao Buns | Lychee Martini | Maine Lobster Spring Rolls | Marjolasian]
the-carving-board-los-angeles, [Cheese | Grilled Cheese | The Carving Club | Bacon | Turkey Dinner | The Bentley | Coleslaw | Longhorn | Sweet November | Goat Cheese Tomato Soup]
carmela-ice-cream-los-angeles-2, [Salted Caramel | Lavender Honey | Brown Sugar Vanilla Bean | Earl Grey Tea | Cucumber Sorbet | Mint Cacao Nib | Dark Chocolate Cacao Nib | Intelligentsia Espresso | Lemon Basil Sorbet | Brown Butter Sage]
little-tart-los-angeles-2, [Fried Chicken | Sweet Potato Crack Fries | Coleslaw | Cho Dog | Poutine | Yellow Fever | I m All in Burger | Fish Sandwich | Fried Chicken Sandwich]
sushi-of-gari-hollywood-los-angeles-2, [Uni | Tuna | Spicy Tuna | Tai | Salmon | Tamago | Sake | Chopped Crunchy Eel with Avocado Roll]
gobi-mongolian-bbq-house-los-angeles, [Garlic | Tofu | Shrimp | Lemon | Asian Pesto | Green Curry | Smoked Oyster | Kung Pao | Traditional Bbq]
cod-restaurant-los-angeles, [Lobster Roll | Garlic Noodle | Crab Toast | Seafood Fried Rice | Crispy Pork Belly | Tuna Poke | House Fries | Crab Glass Noodle | Kale Salad | Grilled Octopus]
polka-polish-restaurant-los-angeles-2, [Crepe | Pudding | 8 Gulasz | 6 Pierogi | 1 Kielbasa | 11 Krolewski | 7 Golabki | Lemonade | Coffee | 9 Nalesniki]
wexlers-deli-los-angeles, [Reuben | Big Poppa | The O.G.]
tenno-sushi-los-angeles-3, [B2 Baby Rockstar Roll | A12 Garlic Edamame | Salmon Roll | Chirashi | B8 Baked Salmon Roll | F14 Rainbow Roll | Macaron Ice Cream | T12 Shrimp Crunch Roll | F13 Mexican Roll | Salmon Sashimi]
sqirl-los-angeles-4, [Latte | Cappuccino | Cold Brew | Rhubarb lemonade | Espresso | Almond Milk Latte | Famous Damus Sandwich | Drip | An Extra Egg | Almond Milk Cappuccino]
eat-this-cafe-los-angeles, [Coffee | Corned Beef Hash | Breakfast Burger | Scramble | Home Fries | Chilaquiles | Orange Juice | Tea | Crab Eggs Benedict | Bagel Sandwich]
papilles-bistro-los-angeles, [Cheese | Pork Loin]
say-cheese-los-angeles, [Le Parisien | Almost Vegan | Griffith Park | Barcelona | Spicy Tuna | Vacca Rossa | Spring Salad | Rivoli | Blue Note | Mariposa]
the-pokè-shack-los-angeles-4, [Seaweed Salad | Acai Bowl | Juice Served Here | Hawaiian Sun | Coconut Water | Big Daddy Poke Bowl 2 Scoops]
belcampo-burger-dtla-los-angeles, [Belcampo Burger]
kachi-deli-cafe-and-grill-los-angeles, [Coffee | Fries | Mexican Wrap | Turkey | Latte | Lox | Shrimp Fettuccine | Soyrizo Wrap | Mocha | Arugula Salad]
